{"cameraMode":{"drawMode":0,"name":"Shaded","section":"Shading Mode"},"sceneLighting":true,"audioPlay":false,"sceneViewState":{"m_AlwaysRefresh":false,"showFog":true,"showSkybox":true,"showFlares":true,"showImageEffects":true,"showParticleSystems":true,"showVisualEffectGraphs":true,"m_FxEnabled":true},"in2DMode":false,"pivot":{"x":4.810358047485352,"y":-42.64570236206055,"z":50.95524215698242},"rotation":{"x":0.32907599210739138,"y":-0.019830331206321718,"z":0.006906768307089806,"w":0.9440820813179016},"size":43.07355499267578,"orthographic":false}