{"cameraMode":{"drawMode":0,"name":"Shaded","section":"Shading Mode"},"sceneLighting":true,"audioPlay":false,"sceneViewState":{"m_AlwaysRefresh":false,"showFog":true,"showSkybox":true,"showFlares":true,"showImageEffects":true,"showParticleSystems":true,"showVisualEffectGraphs":true,"m_FxEnabled":true},"in2DMode":false,"pivot":{"x":9.776642799377442,"y":-2.5221924781799318,"z":-1.753509521484375},"rotation":{"x":0.32907599210739138,"y":-0.019830331206321718,"z":0.006906768307089806,"w":0.9440820813179016},"size":13.022601127624512,"orthographic":false}